length,mean_nwidth,stdev_nwidth,mean_ndepth,stdev_ndepth,mean_balanced2,stdev_balanced2,mean_width,stdev_width,mean_depth,stdev_depth,mean_navdepth,stdev_navdepth,mean_avdepth,stdev_avdepth
1,1.0,0.0,1.0,0.10228190785940672,1.671938775510204,0.47785481136152413,1.0,0.0,3.1146258503401358,0.31856987424101607,1.0,0.10228190785940672,3.1146258503401358,0.31856987424101607
2,1.0,0.033845116674107154,1.0,0.14997359242476599,2.0179994380443937,0.06608988905115469,1.3019145292283811,0.044063449141449884,3.3611688676594551,0.50408656982917155,0.99999999999999978,0.099550954109147535,3.2083450407417815,0.31939380991719618
3,1.0000000000000002,0.051358503193402245,1.0,0.2021875326169382,1.9256191277290342,0.12620556484133183,1.3453693388691481,0.069096155486616614,4.4694370313889946,0.90366444556331382,0.99999999999999978,0.15155618980460123,3.9048163680264327,0.5917990906247278
4,1.0000000000000004,0.039181286299206503,1.0000000000000002,0.17524053622045085,1.8874076678092955,0.11390919397034764,1.3847101945418057,0.054254726573772422,4.9209714209043343,0.86235367052478951,1.0,0.13112210600605603,4.1533610626593322,0.54459744953944256
5,1.0,0.039513809319840165,0.99999999999999989,0.19112437297586501,1.8977652774589795,0.10551220618936462,1.4115567370654309,0.055775983752539199,5.5116701607267649,1.0534145035186882,1.0,0.14522113803044859,4.4566317260656882,0.64719713104186161
6,1.0,0.038882148692527048,1.0,0.201883392620991,1.822331069346852,0.095867153652196377,1.4271499535138588,0.055490656699058907,6.1211355529131986,1.2357556121150821,0.99999999999999989,0.15441701771707514,4.7698919936583435,0.73655249649327537
7,1.0,0.038426907933674349,1.0,0.20982143559850827,1.8587703271382128,0.11117533916084604,1.4371690040400669,0.0552259610033781,6.7172897196261685,1.4094313723030638,1.0,0.16017092648482686,5.0751239748235744,0.81288730907284901
8,1.0000000000000002,0.0370638635156883,1.0,0.21517422470844633,1.8114215832088347,0.10407330570988581,1.4417755772398004,0.053437773215068672,7.330866025166543,1.5774134134067002,1.0,0.16517808641367021,5.3832809030347892,0.88920003819054094
9,1.0000000000000002,0.036369274666769737,1.0,0.21924631590496016,1.7949174500309752,0.10908536964005941,1.4456602397823275,0.052577614335471645,7.9371970495258166,1.740201211720255,1.0,0.17093723715234516,5.6942512586348206,0.97335957780230031
10,1.0000000000000004,0.034604017496454947,1.0,0.21870626478874688,1.8410644573195345,0.12231164959957716,1.4501419238631803,0.050180736505704301,8.4316197866149363,1.8440480696494439,1.0,0.17579388984464955,5.9633123181377305,1.0483138687639459
11,1.0000000000000002,0.033806732415505372,0.99999999999999989,0.22972398281794668,1.8613191607571005,0.13809852050456234,1.4515259798756934,0.049071350395811807,8.9098925323780662,2.0468159990177703,1.0,0.18357961565077843,6.2015080538089631,1.1384704649734565
12,1.0,0.033229623205394195,1.0,0.2344995809903592,1.832207803393749,0.12655319134196064,1.4537677617588529,0.048308154951395968,9.4934230651575398,2.2262037309436549,1.0,0.19249907298129315,6.5034159273987964,1.2519015372360451
13,1.0,0.032476977292223978,1.0,0.23196917488213809,1.8012046659567031,0.13924262704013926,1.456729266437149,0.047310163306997409,9.8537839823659077,2.2857741398562483,1.0,0.19340027017185207,6.6665913072966712,1.2893205599564967
14,1.0,0.030749666155220741,1.0,0.24618239477945267,1.7943950876563231,0.14070482009165197,1.4602208905559013,0.044901304897473106,10.186152570480928,2.5076514333898721,1.0,0.20281428231898579,6.829690831556503,1.3851588444626894
15,1.0,0.031464957584258664,1.0,0.24646250127595859,1.7507729031756665,0.14102801654616962,1.4616172932757634,0.045989726137340856,10.657407407407407,2.6266512867465588,1.0,0.20694034255107385,7.0520987654320981,1.4593637342225234
16,0.99999999999999989,0.031409391881256146,1.0,0.24635284978694624,1.7211946255645811,0.13643693008380328,1.4629578002820025,0.045950614854797886,11.039832285115304,2.7196941446080904,1.0,0.20773963348531529,7.2464622641509431,1.5053774148198851
17,1.0000000000000002,0.027359844762261842,1.0000000000000002,0.23645043895613241,1.9175454446019218,0.18533733576914718,1.4612586934609293,0.039979811010596597,11.387601390498261,2.692603347440778,1.0,0.20380856720997384,7.3928157589803014,1.5067191874850905
18,0.99999999999999967,0.028703270158617938,1.0,0.24774211557220979,1.8445420741500098,0.16235570787658704,1.4633843573526042,0.042003916554987288,11.967699406723797,2.9649031695540331,1.0,0.21445670570926648,7.6857833443199297,1.6482677768180012
19,1.0,0.027455293200193281,1.0,0.25951372185829014,1.8268036211424938,0.15157021992571829,1.4644699359344027,0.040207451473947282,12.307295504789979,3.1939120624578514,1.0,0.22192758191365189,7.811270992514447,1.7335364830409827
20,1.0000000000000004,0.030400231267971169,1.0,0.2606021295638094,1.7320418262806732,0.14608896727134105,1.4643628908715454,0.044516970542729767,12.546961325966851,3.2697648411017193,1.0,0.22117487118734966,7.9715864246250989,1.7631146006252814
21,1.0,0.025438313953926359,1.0,0.24485727029784327,1.8869071562923472,0.19116098765453626,1.4684183635976,0.037354087348906516,12.668727915194346,3.1020301354605744,1.0,0.21150998757625536,7.9817011610297826,1.6882095134067923
22,1.0,0.027398331463283226,1.0,0.26767376146918659,1.7676936570144361,0.19544897407191544,1.4688244166449897,0.04024333822860305,12.967619047619047,3.4710913677756614,1.0,0.23442592858902456,8.1538095238095245,1.9114643691570801
23,0.99999999999999989,0.024480963771752358,0.99999999999999989,0.25137696242039942,2.0020901334804875,0.2243188925674354,1.4673215701097089,0.035921446199366554,13.607476635514018,3.4206061428420704,1.0,0.21059092659434051,8.3895435459840169,1.7667617490523435
24,1.0,0.026022768959363153,0.99999999999999989,0.26930846126198132,1.7782597330268721,0.18207730552342846,1.4706675328345551,0.038270841422990275,13.925507900677202,3.750257105022941,0.99999999999999989,0.23320210289176105,8.5567626034612498,1.9954550330727436
25,1.0,0.023283890007777724,1.0,0.24715482220655874,1.860376556291655,0.21175155156710454,1.4686788173456764,0.034196556039829788,14.058227848101266,3.4745588043367617,0.99999999999999989,0.21772960587651474,8.662886075949368,1.8861667710696035
26,1.0,0.022534606435094716,1.0,0.25864907012550908,1.8153414453441694,0.22393269899205664,1.4644782933666582,0.033001441973756832,14.698191933240611,3.8016736760589431,0.99999999999999989,0.23178475368888904,8.8474911736386019,2.0507135624464432
27,1.0,0.02483916079140908,1.0,0.26877672208008885,1.9038130275725378,0.18527333522860912,1.4676060317741393,0.03645410220167964,14.767988252569751,3.969291474242957,1.0,0.22932407258021884,8.97655952575189,2.0585411882041811
28,1.0,0.025059293095337224,1.0,0.29001360633045048,1.7602282562198528,0.19346888765594319,1.4688997154049142,0.036809588495989198,15.068965517241379,4.3702050333243747,1.0,0.25197855813032338,9.2177004030452299,2.3226628568366374
29,1.0,0.02559928514596892,1.0,0.26830723608580437,1.8284803408545174,0.21499320926282153,1.4691290606585787,0.037608653740028405,15.582437275985663,4.1808806770001237,1.0,0.23676761963548212,9.4430231120998638,2.2358021044147276
30,1.0,0.02075260922817106,1.0000000000000002,0.24685927416121622,2.0490426866799698,0.26087267261288027,1.4702181237762759,0.030510862202903857,15.239495798319327,3.7620108713560136,1.0,0.22491937506615059,9.155252100840336,2.0591935810940702
31,1.0000000000000002,0.023773511280961373,1.0000000000000002,0.25971373068537484,1.9961293562447984,0.26839803206439772,1.4727302426944573,0.035011969038509658,16.217391304347824,4.2118791976367307,1.0,0.23288908912708986,9.6063335055731898,2.2372102599639847
32,1.0,0.021279969283917149,1.0,0.24136526101460201,1.9198991101516931,0.2389555513877081,1.4713314818591885,0.031309888740423862,16.222680412371133,3.91559149208843,1.0,0.21013501647379063,9.6441365979381448,2.0265708028832194
33,0.99999999999999989,0.023038163961306247,1.0,0.25970564704531096,1.9645469721648432,0.23065716334463279,1.4736426057369545,0.033950019971334497,16.029333333333334,4.1629083850383042,1.0,0.24694263492388296,9.711030303030304,2.398067410855977
34,1.0,0.032349158993320901,1.0,0.28395784679694103,1.6552270871176735,0.16384257581930753,1.4744490468007436,0.047697186642507695,16.304461942257216,4.6297799063060303,1.0,0.25162469546495864,9.5487880191446664,2.4027108773767223
35,1.0,0.021104619176919477,1.0,0.26597964202990654,1.9517723182855191,0.2271864811181899,1.4766162603723996,0.031163423845606469,16.73103448275862,4.4501145625141598,1.0,0.24787200135549461,9.9089655172413789,2.4561551141212044
36,1.0,0.020073219265497613,0.99999999999999978,0.23006612009773694,1.9034369593003559,0.2648950072017166,1.4761495650127925,0.029631073887170706,16.680851063829788,3.8376986841835272,1.0,0.22319618500354207,9.9635258358662622,2.2238209557495776
37,1.0,0.020581127957309937,1.0,0.28907826427558092,2.000040569737263,0.25626205302625199,1.4705268557009774,0.030265101381842463,18.745173745173744,5.4188222897990164,1.0,0.25642012182932733,10.786288218720651,2.7658213391305875
38,1.0,0.024797473987627907,1.0,0.30181819532087023,1.8748351174013747,0.22140014905322461,1.4771917590636037,0.036630624220118022,17.047619047619047,5.1452816154700738,1.0,0.26746587815796374,10.115646258503402,2.7055902096659326
39,1.0000000000000002,0.020047332327839753,1.0,0.26352897031161548,2.0938471067700117,0.2547064077925521,1.4754162387272358,0.029578159659656274,17.19927536231884,4.5325073263378215,1.0000000000000004,0.22653258454050265,10.136194723151243,2.2961783880412558
40,0.99999999999999978,0.022287251911078349,0.99999999999999989,0.2739070419937788,1.998521329076435,0.26943943445765173,1.4781607305684075,0.032944140567241743,18.209756097560977,4.9877804281111038,0.99999999999999978,0.26829445814622438,10.533414634146345,2.8260567716978038
41,1.0,0.021410018656579669,1.0,0.28137282749323445,1.8106698469477487,0.21537260420227772,1.4723176803410749,0.031522349004514512,18.668032786885245,5.2526771689823066,0.99999999999999989,0.23573471379940977,10.526089564174331,2.4813647108375898
42,1.0,0.017376728040657562,1.0000000000000002,0.2679799661425652,1.7756028914343338,0.23345251703924658,1.4737102237237267,0.025608261768383822,18.517766497461928,4.9623904390257758,0.99999999999999967,0.27354259592534491,10.71899927483684,2.9321028873607586
43,1.0000000000000002,0.022364214825168691,1.0,0.26683321609406546,2.0454406370530291,0.29530095232382769,1.474241950988284,0.032970263696177789,17.961956521739129,4.7928466260374254,1.0000000000000002,0.23713838252511005,10.395601617795752,2.4651961530195017
44,0.99999999999999967,0.016932777921329509,1.0,0.28717354477922008,1.9921725005021198,0.28897472488035253,1.4772921822396945,0.025014660446781023,17.594999999999999,5.0528185203903773,0.99999999999999989,0.25553498131947316,10.358068181818183,2.6468487593467396
45,1.0,0.01774132232753934,1.0,0.27140412763347149,2.0173525248039579,0.4224325257955524,1.4776608554347557,0.026215657527055493,17.773333333333333,4.8237560284722347,0.99999999999999978,0.27684247959159719,10.281481481481483,2.8463508272084224
46,0.99999999999999978,0.019582353912188585,1.0000000000000002,0.23772003246849258,2.073182696387716,0.27042998131187562,1.4827911539951395,0.029036541155395355,19.270588235294117,4.5810048609810678,1.0,0.22003115476582052,11.097826086956522,2.4418674893032906
47,1.0,0.015868326257974043,1.0,0.20493441452279998,2.0099241546634414,0.28087187998233226,1.4713422669042235,0.023347739128383369,19.261194029850746,3.9472815215175125,1.0,0.2061052592315655,10.860273102572245,2.2383594031312506
48,1.0,0.016639768238336284,1.0,0.23699823656007182,1.9853840539692165,0.28317668150328923,1.4722015564899222,0.024497092700110263,19.712418300653596,4.6718083755893902,1.0,0.21026199732403317,10.780092592592592,2.2666437998565332
49,1.0000000000000002,0.016409804821322989,1.0,0.26593554824403243,1.9518503379451384,0.29959730458217959,1.4736149998676091,0.024181734529601377,19.527999999999999,5.1931893861094647,1.0000000000000002,0.27749758066468172,11.230040816326529,3.1163091572962394
50,1.0,0.015652023381563185,1.0000000000000002,0.24597371394311235,2.0146498349120092,0.34210730664862837,1.4738068600695733,0.023068059433717175,21.098039215686274,5.189563062799782,0.99999999999999944,0.23825580067036231,12.14196078431373,2.8928925883748078
51,1.0,0.020361253577821484,1.0000000000000002,0.2104027017654759,2.2414479056447276,0.41452576135249164,1.4717212160622184,0.029966088876102651,18.202531645569621,3.829861837199422,0.99999999999999967,0.19333107443591913,10.497393894266567,2.0294724403556126
52,1.0,0.01567462209985512,1.0,0.33562416360821323,1.7445918192571643,0.24623985425963815,1.4724066895600771,0.023079418436152892,19.778625954198475,6.6381847931975617,0.99999999999999978,0.30603092359934581,11.217410452143278,3.4328744810623624
53,0.99999999999999967,0.015208282400434326,0.99999999999999978,0.25855339909990943,1.9581139008245714,0.33859395449889351,1.4700473808467731,0.022356895709936559,19.870588235294118,5.1376081303499639,1.0000000000000002,0.25090039644376982,11.205771365149833,2.8115324779743363
54,1.0000000000000002,0.016114620111821142,1.0,0.31338860263906287,1.9746466839522401,0.24903178021838213,1.4768232788751141,0.023798446111366525,23.574257425742573,7.3879035929070183,0.99999999999999989,0.33094296369501258,12.679684635130181,4.1962524118680964
55,1.0000000000000002,0.02019862976570657,0.99999999999999978,0.2619100207818148,2.1691155650943124,0.21799601206596469,1.4853410358312347,0.030001853658566186,19.296296296296298,5.0538933639750185,1.0,0.27219683008422318,11.195061728395062,3.0472603150663415
56,1.0,0.013981830896463661,1.0,0.27248603849204989,2.0811022689904086,0.2177168218469982,1.4785547368141063,0.020672902301300183,19.987500000000001,5.4463146943598479,1.0,0.24437297015429005,11.323660714285714,2.7671966017694496
57,1.0000000000000002,0.013294339077591845,1.0000000000000002,0.23417330768157807,1.8086541106182339,0.26672374253810277,1.4738717106167705,0.019594150277809665,19.969999999999999,4.6764409544011132,1.0,0.19796341726098377,11.163508771929823,2.2099663451141955
58,1.0000000000000004,0.018964768158936069,1.0,0.28121282647514684,2.0854414264744916,0.49544335712974524,1.4775949508724757,0.028022245676111047,20.790909090909089,5.8466703104423674,1.0000000000000004,0.25188063427242419,11.499999999999998,2.8966272941328772
59,1.0000000000000004,0.02420151020761583,1.0000000000000002,0.27120805863333369,2.0795034051039329,0.49311757217112245,1.477522805069295,0.035758283248869746,23.377358490566039,6.3401280122018946,0.99999999999999989,0.20084172789100377,11.847137831787654,2.3793996326991125
60,1.0,0.10906763380431227,1.0,0.4858723492903837,1.8295209038431193,0.28061057181344862,1.5622154647746407,0.17038714423547402,18.415384615384614,8.9475261861629107,1.0,0.51737425081000876,11.774102564102563,6.0916174930627669
61,1.0,0.017818157999197979,1.0,0.21512043474233933,2.3317449357133904,0.57801266527473172,1.4926663902959703,0.026596565582386114,18.5,3.979728042733278,0.99999999999999978,0.22346407940119903,10.561234329797495,2.3600565068485362
62,1.0,0.020821140083484072,1.0000000000000002,0.27029552323038097,2.1460617034215259,0.36908357326801028,1.4815672437217235,0.030847919124631411,23.966666666666665,6.4780827067547966,1.0000000000000004,0.15034748950611834,11.950537634408597,1.7967333315817187
63,0.99999999999999978,0.011082987626179104,0.99999999999999978,0.19888451528087706,1.5960211890811973,0.39460724799559049,1.4768913971647355,0.016368369079987118,20.892307692307693,4.1551564884835539,1.0,0.22835822906166092,12.834432234432233,2.9308482160668405
64,0.99999999999999967,0.012299144974499472,1.0,0.20347373019271586,2.1798303680696529,0.30610018090674562,1.4792316841650215,0.018193284934418599,22.705882352941178,4.6200505796699014,0.99999999999999989,0.21590439887380569,11.988051470588236,2.588273046425595
65,0.99999999999999956,0.01509270850491567,1.0,0.26568811735248504,1.9647484797699177,0.36234295556064372,1.4789395736177431,0.022321203880996864,22.955555555555556,6.0990183383359353,1.0,0.25780315802996517,12.135213675213674,3.1284964088385045
66,0.99999999999999978,0.0087336723030274985,1.0,0.16058223330456387,1.8331835650360655,0.34580374331414748,1.4671110598679857,0.012813267229034378,19.872727272727271,3.1912069273070593,0.99999999999999944,0.18032728103238474,10.721487603305789,1.9333767081265512
67,1.0000000000000004,0.021027502285557685,1.0,0.29040701919713358,1.9529506554189988,0.29802481874731396,1.4993134240544683,0.031526816451072692,20.106666666666666,5.8391171326570328,1.0000000000000002,0.27373691443551851,11.132537313432836,3.0473864140173816
68,1.0,0.018935003549132537,1.0,0.32713704903064939,1.7696798762872128,0.21287806613649163,1.4873006481702566,0.028162043051730874,20.878787878787879,6.8302250540035603,1.0,0.28043191442608073,11.237076648841354,3.1512349171871885
69,1.0,0.008215383071654217,1.0,0.23463847050553721,2.1054313548001868,0.30464710939858186,1.4869941034523433,0.012216226185152069,21.1875,4.9714025938360695,1.0,0.23351246277321475,12.13677536231884,2.8340883049803476
70,0.99999999999999978,0.01578307817048431,0.99999999999999989,0.18090204471675009,2.1360947296597783,0.57604690165536487,1.4657892125111747,0.023134665722516497,19.548387096774192,3.5363431967209857,1.0,0.20899372374711919,11.012903225806454,2.3016276544279517
71,1.0000000000000004,0.016154237963972095,1.0,0.30259318650547479,2.0146836153153234,0.35969934960152833,1.4799736353418755,0.023907846285717543,21.891304347826086,6.6241595393698489,1.0,0.24175753652044416,13.137477036129827,3.1760840843486537
72,0.99999999999999978,0.020424450155993659,1.0,0.31130578340906007,2.0800277664038793,0.23950079999545107,1.4847721523059791,0.030325654817780809,27.757575757575758,8.641093866748454,1.0000000000000002,0.34678730299489391,14.936868686868685,5.1799164071080739
73,1.0,0.0056855727050781684,1.0,0.094511840610555106,2.1740026147098481,0.38295496415404606,1.463071183313688,0.0083183975854347458,23.766666666666666,2.2462314118441924,1.0000000000000004,0.068958217924275061,11.893150684931502,0.82013047673774742
74,1.0000000000000002,0.014982387396502816,1.0000000000000002,0.24839751055801218,2.0275925049558898,0.30137594766034853,1.468615406628196,0.022003364958576094,23.0,5.7131427428342798,1.0,0.22282696661288692,12.111351351351352,2.6987356832045108
75,1.0,0.0030324507905995545,1.0000000000000002,0.050635492982525225,2.2616352201257843,0.24473733850596685,1.4672137558458311,0.0044492535138932528,26.199999999999999,1.3266499161421599,1.0000000000000002,0.10549089958428864,13.864888888888888,1.4626196015250961
76,1.0000000000000002,0.013659535018430022,1.0,0.22277370344237363,2.3656355043910269,0.4983293677579006,1.4753099654487567,0.020152048136086027,24.960000000000001,5.5604316379216465,1.0,0.24350780150918844,13.76736842105263,3.3524616167775525
77,1.0,0.016197885833494484,1.0,0.15563530685456067,2.2101802175114034,0.27592873910772292,1.4743399197439224,0.023881189699775485,25.272727272727273,3.9333286641425338,0.99999999999999978,0.20892821915841192,12.279417552144825,2.5655168414721636
78,1.0,0.0098306776315111796,1.0,0.18405892475083185,2.2820179872670585,0.45122508511683768,1.4794112535727759,0.014543615118303781,24.952380952380953,4.5927084080683747,1.0000000000000002,0.20550556531849043,12.940781440781439,2.6594026056508189
79,1.0,0.0041257805776671189,1.0,0.36698709071063401,1.9629386987744704,0.58821625808492617,1.4692518665302197,0.0060618108146315575,24.464285714285715,8.9780770405994375,1.0,0.31443433512538355,13.303345388788429,4.1830285622670269
80,1.0000000000000002,0.007175598769387212,1.0,0.20038546996642487,1.8197625409292879,0.48065961605216778,1.4791271054647768,0.010613622637740334,28.48,5.7069781846437788,1.0000000000000002,0.33636533305244742,16.144499999999997,5.4304501194652364
81,1.0000000000000004,0.0068787320158899294,1.0,0.14693127920759425,2.0,0.0,1.4662409877533735,0.010085878825469166,25.666666666666668,3.7712361663282534,1.0,0.20618894134084575,11.995884773662551,2.4734187819282529
82,1.0000000000000002,0.011114207959625184,1.0,0.25690018990856511,2.0013064049149061,0.0025015749584748085,1.4550621647260302,0.016171863492947448,31.857142857142858,8.1841060499442868,0.99999999999999967,0.25042395008783636,14.667247386759586,3.6730300275078314
83,0.99999999999999978,0.011804361818065864,1.0,0.38313193485579955,1.9246737774197236,0.25231143917860188,1.4862596348881922,0.017544346485806682,26.5,10.152996273678689,1.0,0.40096187014281326,14.647590361445785,5.8731252244111465
84,1.0000000000000002,0.016478728245941092,0.99999999999999989,0.28255448566367924,2.1619202384279999,0.46463476666680398,1.4586899925692891,0.024037355982623111,30.478260869565219,8.6117693239234416,0.99999999999999967,0.26607088176585625,16.837474120082817,4.4799615858402202
85,1.0000000000000002,0.0090980037669995198,0.99999999999999989,0.23234661912937077,1.7417490703177834,0.30556662081192859,1.4821875608805766,0.013484948012291349,29.25,6.7961386095340934,0.99999999999999989,0.22333467777908916,15.589215686274512,3.4816124621228415
86,1.0000000000000002,0.0053364515035211023,1.0,0.10659901223917803,1.7565199285188589,0.44929831619853189,1.4937933072571292,0.0079715555404620483,18.09090909090909,1.928473039599675,0.99999999999999989,0.1116117719382881,10.55708245243129,1.1782946790144642
87,1.0,0.0091440374125796656,1.0,0.25796501389323706,2.0,1.1102230246251565e-16,1.5070140617641123,0.013780192962054747,23.5,6.0621778264910704,1.0,0.16624277644426469,14.011494252873561,2.3293097067305588
88,0.99999999999999956,0.015577085515150187,0.99999999999999989,0.10675086219519264,1.9620623925781864,0.96000908047606548,1.4627102528699336,0.022784762692841933,21.866666666666667,2.3342855200015462,1.0000000000000002,0.075437607919236122,12.396969696969693,0.93519773938665129
89,1.0000000000000002,0.0026185869808495873,1.0000000000000002,0.14718006970276751,2.4148148148148154,0.44345569028431914,1.4830170550084074,0.0038834091526229542,21.466666666666665,3.1594654962860762,0.99999999999999989,0.20656562693819885,12.423970037453183,2.5663651598479147
90,1.0,0.0,1.0,0.0,2.25,0.0,1.5393939393939393,0.0,24.0,0.0,1.0,0.0,13.766666666666667,0.0
91,0.99999999999999967,0.0041598738458720865,0.99999999999999967,0.26591608696014779,2.2237501257335857,0.80182632188930836,1.4767085418675681,0.006142921241290818,25.478260869565219,6.7750794329846373,0.99999999999999989,0.23320785689830223,15.582417582417584,3.6339422096900287
92,1.0000000000000002,0.0066704265522385996,1.0,0.24057980698374892,1.9377711121365955,0.44195802519706118,1.4648058130165098,0.0097708795890188369,27.863636363636363,6.7034282582290041,1.0000000000000002,0.15700362197264273,13.512351778656125,2.1214881706174937
93,0.99999999999999989,0.0086638344782533801,1.0000000000000002,0.18099450583148172,1.991947436102828,0.65557590513848996,1.4902719806867124,0.012911469768248468,22.565217391304348,4.0841803707190873,1.0,0.23618079906985509,11.126227208976156,2.6278012328487517
94,1.0,0.004888623347068714,1.0,0.034799126378898239,2.6731041609258819,0.28533144087073453,1.4864052910714129,0.007266475609138197,24.760000000000002,0.86162636914152058,1.0,0.045032883173782332,12.877872340425531,0.57992772063326625
95,1.0,0.010023714062865677,1.0,0.16825905952165279,2.0,0.0,1.4970524984187223,0.015006026181247986,17.647058823529413,2.9692775209703441,1.0,0.11727728417404848,10.774613003095977,1.2636173510294844
96,1.0000000000000002,0.0031266115165513655,1.0,0.028960004690234031,2.0,0.0,1.4724672974911703,0.0046038332100811572,26.636363636363637,0.77138921583986997,0.99999999999999967,0.14632374167679318,16.117424242424246,2.3583618213437694
97,1.0,0.0043625438746189614,1.0,0.18396367227119217,1.9909502262443439,0.42941152630292484,1.4758869064867328,0.0064386213835239785,26.882352941176471,4.9453763663491062,1.0,0.1324178548771601,12.090357792601576,1.6009792435936574
99,1.0,0.00313025740368634,1.0,0.073465639603797164,2.0,0.0,1.4908621023478208,0.0046667821337496081,25.666666666666668,1.8856180831641267,1.0,0.17902449164824705,11.915824915824915,2.1332244981250721
100,1.0,0.0,1.0,0.0,2.25,0.0,1.4541284403669725,0.0,23.0,0.0,1.0,0.0,12.859999999999999,0.0
101,1.0,0.0,1.0,0.0,2.25,0.0,1.4587155963302751,0.0,44.0,0.0,1.0,0.0,19.435643564356436,0.0
102,0.99999999999999967,0.045898409752960299,1.0,0.3212374155559235,1.7124761192235252,0.42423345266849272,1.4800254115456102,0.067930812783914163,29.0,9.3158850511217821,1.0000000000000004,0.22678325553369486,15.42787114845938,3.4987828450019816
103,1.0,0.0,1.0,0.0,2.25,0.0,1.4788732394366197,0.0,23.0,0.0,1.0,0.0,9.9320388349514559,0.0
104,1.0,0.0,1.0,0.0,2.25,0.0,1.4598214285714286,0.0,47.0,0.0,1.0,0.0,21.596153846153847,0.0
105,1.0,0.0025350308307056685,1.0,0.02405197883770183,1.3999999999999999,1.019803902718557,1.4741930937279772,0.0037371249430137969,28.266666666666666,0.67986926847903806,0.99999999999999967,0.1035446273983486,13.163174603174605,1.3629760096651196
106,1.0,0.0,1.0,0.0,2.25,0.0,1.4883720930232558,0.0,30.0,0.0,1.0,0.0,18.113207547169811,0.0
107,1.0,0.01545441413375968,1.0,0.20099709799583887,1.9511896134240303,0.59614786808738873,1.5003346059927227,0.023186792340222747,24.5,4.924428900898052,1.0,0.15993854091034684,12.10373831775701,1.935854246102712
108,0.99999999999999989,0.0043625392424674336,1.0,0.081967213114754134,2.5,1.5,1.4799074818986324,0.006456154465004027,30.5,2.5,1.0,0.04752572268495836,18.898148148148149,0.89814814814814881
110,1.0000000000000002,0.0,1.0,0.0,2.25,0.0,1.5317073170731705,2.2204460492503131e-16,30.0,0.0,1.0,0.0,16.800000000000001,0.0
111,0.99999999999999989,0.011380855278020859,0.99999999999999989,0.11143574582655925,2.1043572382029003,0.19203756624239723,1.4861624268867075,0.016913799500029851,36.045454545454547,4.0167521109300672,1.0000000000000002,0.31211894306381038,15.523751023751021,4.8452567619189137
112,1.0,0.016057127076182509,0.99999999999999989,0.1785714285714286,2.5,1.5,1.4923167500735943,0.023962319693847434,28.0,5.0,0.99999999999999989,0.18817029574260646,13.736607142857144,2.5848214285714297
114,1.0,0.0,1.0,0.0,2.25,0.0,1.4767932489451476,0.0,24.0,0.0,1.0,0.0,12.973684210526315,0.0
115,0.99999999999999989,0.0065362711844140506,1.0,0.011453468879067471,2.2002794214332679,0.69257868925807997,1.4764302952572108,0.0096503487946856294,28.875,0.33071891388307384,1.0,0.12183883894918889,12.841304347826087,1.5645696123323019
116,1.0,0.037032680724371887,1.0,0.25056301500496864,1.9893350110577286,0.018472302710174159,1.5060123602148789,0.05577167490279536,23.25,5.825590098865522,1.0,0.2136305398333293,13.0,2.7771970178332808
117,1.0000000000000002,0.0,1.0,0.0,2.25,0.0,1.4715447154471542,2.2204460492503131e-16,19.0,0.0,1.0,0.0,9.8290598290598297,0.0
119,1.0000000000000002,0.035743164981160105,0.99999999999999989,0.69057718705749105,1.9773262548262547,0.021877925771241251,1.9457246075114925,0.069546355654186293,4.4107142857142856,3.0459386643428621,0.99999999999999978,0.35667474724534276,4.1704681872749108,1.4875006865910216
120,1.0,0.0,1.0,0.0,2.25,0.0,1.497907949790795,0.0,27.0,0.0,1.0,0.0,14.15,0.0
122,1.0,0.019802786771182791,1.0,0.086232534291042398,2.0,0.0,1.493570243362832,0.029576853057097736,27.333333333333332,2.3570226039551585,1.0,0.1185403180936512,12.614754098360656,1.495356963492863
123,1.0,0.0,1.0,0.0,2.25,0.0,1.4420289855072463,0.0,29.0,0.0,1.0,0.0,18.398373983739837,0.0
125,0.99999999999999989,0.0058412740325534188,1.0,0.2259196705524622,1.9999999999999998,1.1102230246251565e-16,1.4951609492672295,0.0087336448274426669,23.0,5.196152422706632,1.0,0.19238212218979761,11.325999999999999,2.1789199159216475
126,1.0000000000000004,0.0032776736526426349,0.99999999999999989,0.3730907073357323,2.1134359903381443,0.31571488039079726,1.4920452754481424,0.0048904374878862957,30.399999999999999,11.341957503006258,0.99999999999999956,0.36947437680656742,15.34814814814815,5.67074747217191
127,0.99999999999999989,0.0057481984532027734,0.99999999999999989,0.14433756729740646,1.75,1.299038105676658,1.4952346445281117,0.0085949054708516735,24.0,3.4641016151377544,1.0,0.048173906104875666,15.429133858267718,0.7432816457677468
129,1.0,0.0,1.0,0.0,2.25,0.0,1.4571428571428571,0.0,24.0,0.0,1.0,0.0,11.093023255813954,0.0
130,1.0000000000000004,0.0006093258333003085,1.0,0.0,1.6000000000000001,0.37416573867739417,1.4815845584109524,0.00090276774565862107,30.0,0.0,1.0000000000000002,0.038091838273496825,16.623076923076919,0.63320355776174342
131,1.0,0.0,1.0,0.0,2.25,0.0,1.4744525547445255,0.0,28.0,0.0,1.0,0.0,10.824427480916031,0.0
132,1.0,0.0,1.0,0.0,2.25,0.0,1.486988847583643,0.0,23.0,0.0,1.0,0.0,9.7196969696969688,0.0
139,0.99999999999999989,0.0025239356030147819,1.0,0.0,1.6153846153846154,0.39970403251589476,1.4869989165763815,0.0037530895071914952,19.0,0.0,1.0000000000000002,0.064814091815410882,8.6070835639180974,0.55786030437470158
140,1.0,0.011310238400381513,0.99999999999999978,0.20241772098594729,2.1709577323045965,0.20227991677035567,1.4944052930621945,0.016902080131325398,35.611111111111114,7.2083199528884601,0.99999999999999978,0.15197472732278014,17.701984126984126,2.6902542107705938
142,1.0,0.0,1.0,0.0,2.25,0.0,1.4878892733564013,0.0,26.0,0.0,1.0,0.0,16.450704225352112,0.0
144,1.0,0.0,1.0,0.0,2.25,0.0,1.4766666666666666,0.0,21.0,0.0,0.99999999999999989,0.0,11.416666666666668,1.7763568394002505e-15
147,1.0,0.0,1.0,0.0,2.25,0.0,1.5232974910394266,0.0,18.0,0.0,1.0,0.0,8.9047619047619051,0.0
151,1.0,0.0,1.0,0.0,2.25,0.0,1.4885993485342019,0.0,31.0,0.0,1.0,0.0,15.913907284768213,0.0
154,1.0000000000000002,0.00097477796569492238,0.99999999999999978,0.055745238000433059,1.3157894736842106,0.92067661497557385,1.4893158382920095,0.0014517522631275375,27.526315789473685,1.5344610249592896,0.99999999999999978,0.014449814964380798,13.239576213260426,0.19130942648843097
156,1.0,0.0,1.0,0.0,2.25,0.0,1.4725609756097562,0.0,26.0,0.0,1.0,0.0,14.858974358974359,0.0
161,1.0,0.0,1.0,0.0,2.25,0.0,1.9876543209876543,0.0,3.0,0.0,1.0,0.0,3.0,0.0
162,1.0,0.0,1.0,0.0,2.25,0.0,1.9877300613496933,0.0,3.0,0.0,1.0,0.0,3.0,0.0
163,1.0,0.0,1.0,0.0,2.25,0.0,1.9878048780487805,0.0,3.0,0.0,1.0,0.0,3.0,0.0
166,1.0,0.0,1.0,0.0,2.25,0.0,1.9880239520958083,0.0,3.0,0.0,1.0,0.0,3.0,0.0
178,1.0,0.0,1.0,0.0,2.25,0.0,1.988826815642458,0.0,3.0,0.0,1.0,0.0,3.0,0.0
180,0.99999999999999989,0.0,1.0,0.0,2.25,0.0,1.9889502762430942,2.2204460492503131e-16,3.0,0.0,1.0,0.0,3.0,0.0
186,1.0000000000000002,0.0,1.0,0.0,2.25,0.0,1.9893048128342243,2.2204460492503131e-16,3.0,0.0,1.0,0.0,3.0,0.0
189,1.0,0.0,1.0,0.0,2.25,0.0,1.9894736842105263,0.0,3.0,0.0,1.0,0.0,3.0,0.0
191,1.0,0.0,1.0,0.0,2.25,0.0,1.9895833333333333,0.0,3.0,0.0,1.0,0.0,3.0,0.0
205,1.0,0.0,1.0,0.0,2.25,0.0,1.9902912621359223,0.0,3.0,0.0,1.0,0.0,3.0,0.0
210,1.0,0.0,1.0,0.0,2.25,0.0,1.9905213270142179,0.0,3.0,0.0,1.0,0.0,3.0,0.0
218,1.0,0.0,1.0,0.0,2.25,0.0,1.9908675799086757,0.0,3.0,0.0,1.0,0.0,3.0,0.0
232,1.0,0.0,1.0,0.0,2.25,0.0,1.9914163090128756,0.0,3.0,0.0,1.0,0.0,3.0,0.0
291,1.0,0.0,1.0,0.0,2.25,0.0,1.9931506849315068,0.0,3.0,0.0,1.0,0.0,3.0,0.0
298,1.0,0.0,1.0,0.0,2.25,0.0,1.9933110367892977,0.0,3.0,0.0,1.0,0.0,3.0,0.0
336,1.0,0.0,1.0,0.0,2.25,0.0,1.9940652818991098,0.0,3.0,0.0,1.0,0.0,3.0,0.0
